{
  "model": "qwen2.5_7b",
  "experiment": "exp4",
  "test_samples": 1596,
  "metrics": {
    "bleu_1": 0.17095891728174142,
    "bleu_2": 0.06883292436336315,
    "bleu_3": 0.03169905346423198,
    "bleu_4": 0.015523930674966142,
    "rouge_1_f1": 0.3159142633301059,
    "rouge_2_f1": 0.06898389684381358,
    "rouge_l_f1": 0.15491395840441766,
    "meteor": 0.22644921713976762,
    "bertscore_f1": 0.0,
    "avg_reference_length": 87.10087719298245,
    "avg_candidate_length": 185.92543859649123,
    "length_ratio": 2.1345989224029407,
    "length_difference": 98.82456140350878,
    "nli_score": 0.208481124410348
  },
  "metrics_by_language": {
    "english": {
      "rouge_1_f1": 0.3159142633301059,
      "rouge_2_f1": 0.06898389684381358,
      "rouge_l_f1": 0.15491395840441766,
      "bleu_1": 0.17095891728174142,
      "bleu_2": 0.06883292436336315,
      "bleu_3": 0.03169905346423198,
      "bleu_4": 0.015523930674966142,
      "meteor": 0.22644921713976762,
      "n": 1596,
      "nli_score": 0.208481124410348
    }
  },
  "metrics_by_complexity": {
    "professional": {
      "rouge_1_f1": 0.34266147325598684,
      "rouge_2_f1": 0.083499794556558,
      "rouge_l_f1": 0.1747565946713841,
      "bleu_1": 0.18520628470828754,
      "bleu_2": 0.07978666405883961,
      "bleu_3": 0.03767892094573156,
      "bleu_4": 0.01854628478765107,
      "meteor": 0.24317369181705192,
      "n": 540,
      "nli_score": 0.24175742245149903
    },
    "intermediate": {
      "rouge_1_f1": 0.33062653461982044,
      "rouge_2_f1": 0.0737258927835022,
      "rouge_l_f1": 0.16147441985906852,
      "bleu_1": 0.18030884052882679,
      "bleu_2": 0.07352144747298026,
      "bleu_3": 0.03390549815205846,
      "bleu_4": 0.01626359734259622,
      "meteor": 0.2409290748512203,
      "n": 528,
      "nli_score": 0.19023168188714684
    },
    "layman": {
      "rouge_1_f1": 0.2738468909798314,
      "rouge_2_f1": 0.04939609642518181,
      "rouge_l_f1": 0.12805989167673293,
      "bleu_1": 0.14703782280296118,
      "bleu_2": 0.052941712928826934,
      "bleu_3": 0.023376835215780916,
      "bleu_4": 0.01169322002845375,
      "meteor": 0.1948647830538196,
      "n": 528,
      "nli_score": 0.19269796625259472
    }
  },
  "checkpoint": "models/qwen2.5_7b/checkpoints/exp4_hindi_code_mixed_to_english/final"
}