{
  "model": "qwen2.5_7b",
  "experiment": "exp4",
  "test_samples": 1510,
  "metrics": {
    "bleu_1": 0.03507669135447149,
    "bleu_2": 0.011006539367020049,
    "bleu_3": 0.0052644496726284885,
    "bleu_4": 0.00308697384929441,
    "rouge_1_f1": 0.05735386988318762,
    "rouge_2_f1": 0.010930531193784539,
    "rouge_l_f1": 0.05073325596367584,
    "meteor": 0.02676146539154273,
    "bertscore_f1": 0.0,
    "avg_reference_length": 93.23708609271523,
    "avg_candidate_length": 149.96291390728476,
    "length_ratio": 1.6084041253515924,
    "length_difference": 56.72582781456953,
    "nli_score": 0.2993307587223448
  },
  "metrics_by_language": {
    "hindi": {
      "rouge_1_f1": 0.05735386988318762,
      "rouge_2_f1": 0.010930531193784539,
      "rouge_l_f1": 0.05073325596367584,
      "bleu_1": 0.03507669135447149,
      "bleu_2": 0.011006539367020049,
      "bleu_3": 0.0052644496726284885,
      "bleu_4": 0.00308697384929441,
      "meteor": 0.02676146539154273,
      "n": 1510,
      "nli_score": 0.2993307587223448
    }
  },
  "metrics_by_complexity": {
    "professional": {
      "rouge_1_f1": 0.10228577947468649,
      "rouge_2_f1": 0.026064495428762997,
      "rouge_l_f1": 0.09112372858805892,
      "bleu_1": 0.06175086461232409,
      "bleu_2": 0.020992495378393844,
      "bleu_3": 0.009769948800451763,
      "bleu_4": 0.00548624631453161,
      "meteor": 0.04585402379623772,
      "n": 474,
      "nli_score": 0.33188831999766316
    },
    "intermediate": {
      "rouge_1_f1": 0.04841177630086594,
      "rouge_2_f1": 0.007306088405261709,
      "rouge_l_f1": 0.042667172241379024,
      "bleu_1": 0.03329215101074568,
      "bleu_2": 0.010007923351353752,
      "bleu_3": 0.004767250076351236,
      "bleu_4": 0.002832456600447363,
      "meteor": 0.025721614055504747,
      "n": 521,
      "nli_score": 0.3007376366598807
    },
    "layman": {
      "rouge_1_f1": 0.025045337087108262,
      "rouge_2_f1": 0.0006680761363876609,
      "rouge_l_f1": 0.021718393042042948,
      "bleu_1": 0.012331424160022947,
      "bleu_2": 0.0028258321724005555,
      "bleu_3": 0.00162063297956483,
      "bleu_4": 0.0011361939233271842,
      "meteor": 0.010240863182320129,
      "n": 515,
      "nli_score": 0.26794188982960815
    }
  },
  "checkpoint": "models/qwen2.5_7b/checkpoints/exp4_english_code_mixed_to_hindi/final"
}