{
  "model": "qwen2.5_7b",
  "experiment": "exp4",
  "test_samples": 1571,
  "metrics": {
    "bleu_1": 0.04383013306704286,
    "bleu_2": 0.015244985701466275,
    "bleu_3": 0.007506729720692031,
    "bleu_4": 0.004232548926155576,
    "rouge_1_f1": 0.09796898014750166,
    "rouge_2_f1": 0.01738123783512274,
    "rouge_l_f1": 0.06719076799819172,
    "meteor": 0.04243456063495717,
    "bertscore_f1": 0.0,
    "avg_reference_length": 89.45130490133673,
    "avg_candidate_length": 90.80012730744748,
    "length_ratio": 1.0150788454969828,
    "length_difference": 1.3488224061107559,
    "nli_score": 0.38000679128615983
  },
  "metrics_by_language": {
    "code_mixed": {
      "rouge_1_f1": 0.09796898014750166,
      "rouge_2_f1": 0.01738123783512274,
      "rouge_l_f1": 0.06719076799819172,
      "bleu_1": 0.04383013306704286,
      "bleu_2": 0.015244985701466275,
      "bleu_3": 0.007506729720692031,
      "bleu_4": 0.004232548926155576,
      "meteor": 0.04243456063495717,
      "n": 1571,
      "nli_score": 0.38000679128615983
    }
  },
  "metrics_by_complexity": {
    "professional": {
      "rouge_1_f1": 0.1401349399211451,
      "rouge_2_f1": 0.03254466638117032,
      "rouge_l_f1": 0.09274391877048425,
      "bleu_1": 0.06310220648373521,
      "bleu_2": 0.025391939387363126,
      "bleu_3": 0.012562915117282709,
      "bleu_4": 0.00665924057525713,
      "meteor": 0.062473141339350106,
      "n": 524,
      "nli_score": 0.40486986286812
    },
    "intermediate": {
      "rouge_1_f1": 0.08120909841110166,
      "rouge_2_f1": 0.011589964020495329,
      "rouge_l_f1": 0.059588710172184534,
      "bleu_1": 0.036916529123297306,
      "bleu_2": 0.01109331079511972,
      "bleu_3": 0.005673706070197498,
      "bleu_4": 0.0034397012222203457,
      "meteor": 0.03116059849690017,
      "n": 526,
      "nli_score": 0.4029966316397475
    },
    "layman": {
      "rouge_1_f1": 0.07248094727217969,
      "rouge_2_f1": 0.007977348139086432,
      "rouge_l_f1": 0.049165492397037214,
      "bleu_1": 0.031427041328200955,
      "bleu_2": 0.009231122494802816,
      "bleu_3": 0.004272045061088595,
      "bleu_4": 0.0025923406116463953,
      "meteor": 0.03366275218105331,
      "n": 521,
      "nli_score": 0.3317900816485422
    }
  },
  "checkpoint": "models/qwen2.5_7b/checkpoints/exp4_hindi_english_to_code_mixed/final"
}