{
  "model": "qwen2.5_7b",
  "experiment": "exp5",
  "test_samples": 1572,
  "metrics": {
    "bleu_1": 0.18063549827146608,
    "bleu_2": 0.07527266844421948,
    "bleu_3": 0.03446523406023008,
    "bleu_4": 0.01705100327461118,
    "rouge_1_f1": 0.33342155234819315,
    "rouge_2_f1": 0.07692142451108797,
    "rouge_l_f1": 0.16996068730933453,
    "meteor": 0.23683719145269214,
    "bertscore_f1": 0.0,
    "avg_reference_length": 87.04007633587786,
    "avg_candidate_length": 189.58715012722647,
    "length_ratio": 2.1781592814283735,
    "length_difference": 102.54707379134861,
    "nli_score": 0.23943310163590942
  },
  "metrics_by_language": {
    "english": {
      "rouge_1_f1": 0.33342155234819315,
      "rouge_2_f1": 0.07692142451108797,
      "rouge_l_f1": 0.16996068730933453,
      "bleu_1": 0.18063549827146608,
      "bleu_2": 0.07527266844421948,
      "bleu_3": 0.03446523406023008,
      "bleu_4": 0.01705100327461118,
      "meteor": 0.23683719145269214,
      "n": 1572,
      "nli_score": 0.23943310163590942
    }
  },
  "metrics_by_complexity": {
    "professional": {
      "rouge_1_f1": 0.341140589302585,
      "rouge_2_f1": 0.08644082103884737,
      "rouge_l_f1": 0.1812256720765146,
      "bleu_1": 0.18228511040617362,
      "bleu_2": 0.0799492479511856,
      "bleu_3": 0.03743770789588814,
      "bleu_4": 0.018557918443824702,
      "meteor": 0.2369922806374196,
      "n": 540,
      "nli_score": 0.26674117618132626
    },
    "intermediate": {
      "rouge_1_f1": 0.32868784422603925,
      "rouge_2_f1": 0.07584993766781892,
      "rouge_l_f1": 0.17023904874093704,
      "bleu_1": 0.1776797668021773,
      "bleu_2": 0.07429038524662351,
      "bleu_3": 0.03530136695071409,
      "bleu_4": 0.017803479122887097,
      "meteor": 0.2298824863130099,
      "n": 528,
      "nli_score": 0.21377525725190274
    },
    "layman": {
      "rouge_1_f1": 0.3301102784059822,
      "rouge_2_f1": 0.06784458111477044,
      "rouge_l_f1": 0.1575994440352009,
      "bleu_1": 0.18196453728543913,
      "bleu_2": 0.07129110613185635,
      "bleu_3": 0.03040449192247034,
      "bleu_4": 0.014648143276069543,
      "meteor": 0.24395690604396078,
      "n": 504,
      "nli_score": 0.2370541247045843
    }
  },
  "checkpoint": "models/qwen2.5_7b/checkpoints/exp5_few10_hindi_code_mixed_to_english/final"
}