{
  "model": "llama3.1_8b",
  "experiment": "exp3",
  "test_samples": 968,
  "metrics": {
    "bleu_1": 0.2688203878978015,
    "bleu_2": 0.1369485889613863,
    "bleu_3": 0.07750128820976429,
    "bleu_4": 0.0438762303214035,
    "rouge_1_f1": 0.4126507033798159,
    "rouge_2_f1": 0.13782177238705326,
    "rouge_l_f1": 0.2820353980016891,
    "meteor": 0.26896305847227053,
    "bertscore_f1": 0.0,
    "avg_reference_length": 89.91528925619835,
    "avg_candidate_length": 148.27995867768595,
    "length_ratio": 1.649107286472575,
    "length_difference": 58.364669421487605,
    "nli_score": 0.49569647868470795
  },
  "metrics_by_language": {
    "english": {
      "rouge_1_f1": 0.3699852635281874,
      "rouge_2_f1": 0.116158672490782,
      "rouge_l_f1": 0.20295537473881567,
      "bleu_1": 0.21430397189640737,
      "bleu_2": 0.11102320740188935,
      "bleu_3": 0.06518443739488523,
      "bleu_4": 0.03836688744902259,
      "meteor": 0.27980849520909,
      "n": 331,
      "nli_score": 0.19507635261629935
    },
    "hindi": {
      "rouge_1_f1": 0.4910571072774342,
      "rouge_2_f1": 0.18935265394297954,
      "rouge_l_f1": 0.45257141665290707,
      "bleu_1": 0.35666954950735474,
      "bleu_2": 0.18318545277798606,
      "bleu_3": 0.10390020261339233,
      "bleu_4": 0.05824983297446184,
      "meteor": 0.25869762163069476,
      "n": 311,
      "nli_score": 0.6810964182546284
    },
    "code_mixed": {
      "rouge_1_f1": 0.38117177386671713,
      "rouge_2_f1": 0.11065729969310452,
      "rouge_l_f1": 0.19963903573016245,
      "bleu_1": 0.24036592297721987,
      "bleu_2": 0.11916219831485544,
      "bleu_3": 0.06482280735147182,
      "bleu_4": 0.03575783174979902,
      "meteor": 0.2677443814717883,
      "n": 326,
      "nli_score": 0.6240580646418309
    }
  },
  "metrics_by_complexity": {
    "professional": {
      "rouge_1_f1": 0.4489348069562235,
      "rouge_2_f1": 0.17540509510910102,
      "rouge_l_f1": 0.3074177124020242,
      "bleu_1": 0.2736772215611318,
      "bleu_2": 0.14470754374986722,
      "bleu_3": 0.08366210617661814,
      "bleu_4": 0.048160842294083704,
      "meteor": 0.27130083531396393,
      "n": 318,
      "nli_score": 0.4929518034255554
    },
    "intermediate": {
      "rouge_1_f1": 0.4017391244440607,
      "rouge_2_f1": 0.1291128344454793,
      "rouge_l_f1": 0.27560592074505713,
      "bleu_1": 0.26654623675584754,
      "bleu_2": 0.13499001286613724,
      "bleu_3": 0.07630067414213626,
      "bleu_4": 0.04272978666915786,
      "meteor": 0.26457946723562875,
      "n": 326,
      "nli_score": 0.4984296486338749
    },
    "layman": {
      "rouge_1_f1": 0.3880174620087005,
      "rouge_2_f1": 0.1096971339405777,
      "rouge_l_f1": 0.26359229184846517,
      "bleu_1": 0.2663416847105729,
      "bleu_2": 0.13130398459198578,
      "bleu_3": 0.07266258473009524,
      "bleu_4": 0.04082448347979787,
      "meteor": 0.2710792242361184,
      "n": 324,
      "nli_score": 0.4956402876723362
    }
  },
  "checkpoint": "models/llama3.1_8b/checkpoints/exp3/final"
}