{
  "model": "llama3.1_8b",
  "experiment": "exp4",
  "test_samples": 1571,
  "metrics": {
    "bleu_1": 0.15540743414618582,
    "bleu_2": 0.06559561936656082,
    "bleu_3": 0.03046473606978705,
    "bleu_4": 0.015267270440628205,
    "rouge_1_f1": 0.23337126426687604,
    "rouge_2_f1": 0.05215088590746193,
    "rouge_l_f1": 0.13907452951260912,
    "meteor": 0.14253187424138905,
    "bertscore_f1": 0.0,
    "avg_reference_length": 89.45130490133673,
    "avg_candidate_length": 132.497772119669,
    "length_ratio": 1.4812279403392918,
    "length_difference": 43.04646721833228,
    "nli_score": 0.5512094973292461
  },
  "metrics_by_language": {
    "code_mixed": {
      "rouge_1_f1": 0.23337126426687604,
      "rouge_2_f1": 0.05215088590746193,
      "rouge_l_f1": 0.13907452951260912,
      "bleu_1": 0.15540743414618582,
      "bleu_2": 0.06559561936656082,
      "bleu_3": 0.03046473606978705,
      "bleu_4": 0.015267270440628205,
      "meteor": 0.14253187424138905,
      "n": 1571,
      "nli_score": 0.5512094973292461
    }
  },
  "metrics_by_complexity": {
    "professional": {
      "rouge_1_f1": 0.2427767393324816,
      "rouge_2_f1": 0.06617761743144251,
      "rouge_l_f1": 0.1484659865577822,
      "bleu_1": 0.15729968089385585,
      "bleu_2": 0.07524474214969333,
      "bleu_3": 0.03900416577170505,
      "bleu_4": 0.020154400889202163,
      "meteor": 0.15089224208663282,
      "n": 524,
      "nli_score": 0.529871090489461
    },
    "intermediate": {
      "rouge_1_f1": 0.2223876778480135,
      "rouge_2_f1": 0.04922462136719869,
      "rouge_l_f1": 0.13370817171635943,
      "bleu_1": 0.14940293573344107,
      "bleu_2": 0.06269100589326192,
      "bleu_3": 0.028622841032967847,
      "bleu_4": 0.014438844218303453,
      "meteor": 0.13565534682969435,
      "n": 526,
      "nli_score": 0.539619775358614
    },
    "layman": {
      "rouge_1_f1": 0.2350006261132185,
      "rouge_2_f1": 0.04099773394894491,
      "rouge_l_f1": 0.13504685333056818,
      "bleu_1": 0.15956641470151142,
      "bleu_2": 0.05882342425829553,
      "bleu_3": 0.02373570656030887,
      "bleu_4": 0.01118837569569551,
      "meteor": 0.14106588703916964,
      "n": 521,
      "nli_score": 0.5843717428549924
    }
  },
  "checkpoint": "models/llama3.1_8b/checkpoints/exp4_hindi_english_to_code_mixed/final"
}