{
  "model": "llama3.1_8b",
  "experiment": "exp4",
  "test_samples": 1510,
  "metrics": {
    "bleu_1": 0.04944866628811828,
    "bleu_2": 0.017521325739583718,
    "bleu_3": 0.008299922253813773,
    "bleu_4": 0.00455114767466158,
    "rouge_1_f1": 0.050894615046193616,
    "rouge_2_f1": 0.006204040400683582,
    "rouge_l_f1": 0.045397828690464666,
    "meteor": 0.038565228596336314,
    "bertscore_f1": 0.0,
    "avg_reference_length": 93.23708609271523,
    "avg_candidate_length": 144.45629139072847,
    "length_ratio": 1.549343694064835,
    "length_difference": 51.219205298013236,
    "nli_score": 0.47741758741364376
  },
  "metrics_by_language": {
    "hindi": {
      "rouge_1_f1": 0.050894615046193616,
      "rouge_2_f1": 0.006204040400683582,
      "rouge_l_f1": 0.045397828690464666,
      "bleu_1": 0.04944866628811828,
      "bleu_2": 0.017521325739583718,
      "bleu_3": 0.008299922253813773,
      "bleu_4": 0.00455114767466158,
      "meteor": 0.038565228596336314,
      "n": 1510,
      "nli_score": 0.47741758741364376
    }
  },
  "metrics_by_complexity": {
    "professional": {
      "rouge_1_f1": 0.08470516954555543,
      "rouge_2_f1": 0.014486624726858919,
      "rouge_l_f1": 0.07564116847233904,
      "bleu_1": 0.08787147754412666,
      "bleu_2": 0.03400551473835578,
      "bleu_3": 0.01600364994284304,
      "bleu_4": 0.008440972522308694,
      "meteor": 0.06585474274046095,
      "n": 474,
      "nli_score": 0.46369247663891894
    },
    "intermediate": {
      "rouge_1_f1": 0.04395314029966272,
      "rouge_2_f1": 0.0037380844377047856,
      "rouge_l_f1": 0.03882936146511269,
      "bleu_1": 0.041971290405273615,
      "bleu_2": 0.01365725813273488,
      "bleu_3": 0.006533357598598039,
      "bleu_4": 0.0036730196887185726,
      "meteor": 0.033706151287103414,
      "n": 521,
      "nli_score": 0.4680016975270695
    },
    "layman": {
      "rouge_1_f1": 0.026798120891329706,
      "rouge_2_f1": 0.001075531830013374,
      "rouge_l_f1": 0.02420720416192083,
      "bleu_1": 0.021649249394165095,
      "bleu_2": 0.006258556104147374,
      "bleu_3": 0.00299664703200314,
      "bleu_4": 0.0018593568064898792,
      "meteor": 0.018363965632831967,
      "n": 515,
      "nli_score": 0.49957560915680765
    }
  },
  "checkpoint": "models/llama3.1_8b/checkpoints/exp4_english_code_mixed_to_hindi/final"
}