{
  "model": "llama3.1_8b",
  "experiment": "exp4",
  "test_samples": 1596,
  "metrics": {
    "bleu_1": 0.11036658466860938,
    "bleu_2": 0.04490683460521141,
    "bleu_3": 0.02158504914594388,
    "bleu_4": 0.011060860615857624,
    "rouge_1_f1": 0.21913560682146388,
    "rouge_2_f1": 0.047778915739309064,
    "rouge_l_f1": 0.12137600389578919,
    "meteor": 0.1411982698019162,
    "bertscore_f1": 0.0,
    "avg_reference_length": 87.10087719298245,
    "avg_candidate_length": 160.31015037593986,
    "length_ratio": 1.8405113190852656,
    "length_difference": 73.2092731829574,
    "nli_score": 0.3265202851130255
  },
  "metrics_by_language": {
    "english": {
      "rouge_1_f1": 0.21913560682146388,
      "rouge_2_f1": 0.047778915739309064,
      "rouge_l_f1": 0.12137600389578919,
      "bleu_1": 0.11036658466860938,
      "bleu_2": 0.04490683460521141,
      "bleu_3": 0.02158504914594388,
      "bleu_4": 0.011060860615857624,
      "meteor": 0.1411982698019162,
      "n": 1596,
      "nli_score": 0.3265202851130255
    }
  },
  "metrics_by_complexity": {
    "professional": {
      "rouge_1_f1": 0.2723147793744093,
      "rouge_2_f1": 0.06687469896016654,
      "rouge_l_f1": 0.14891425772386793,
      "bleu_1": 0.13813721997818032,
      "bleu_2": 0.060347489512958805,
      "bleu_3": 0.029409437698626823,
      "bleu_4": 0.014399664310214149,
      "meteor": 0.1796220818078092,
      "n": 540,
      "nli_score": 0.35918451359622716
    },
    "intermediate": {
      "rouge_1_f1": 0.23134799349899976,
      "rouge_2_f1": 0.05014872415790804,
      "rouge_l_f1": 0.12550696301660919,
      "bleu_1": 0.11797695321662278,
      "bleu_2": 0.047556647417302096,
      "bleu_3": 0.022585612867154575,
      "bleu_4": 0.01184613522800722,
      "meteor": 0.15120035145883676,
      "n": 528,
      "nli_score": 0.3153269221153151
    },
    "layman": {
      "rouge_1_f1": 0.15253543003296113,
      "rouge_2_f1": 0.025879329026651313,
      "rouge_l_f1": 0.08908092154170684,
      "bleu_1": 0.0743544300085348,
      "bleu_2": 0.026465442910197236,
      "bleu_3": 0.012582269859489265,
      "bleu_4": 0.006860900407207038,
      "meteor": 0.09189910768442325,
      "n": 528,
      "nli_score": 0.3043070577718247
    }
  },
  "checkpoint": "models/llama3.1_8b/checkpoints/exp4_hindi_code_mixed_to_english/final"
}