{
  "n_done": 1400,
  "metrics": {
    "bleu_1": 0.15455125271010975,
    "bleu_2": 0.06502135274538395,
    "bleu_3": 0.030065655633271834,
    "bleu_4": 0.015032308396641176,
    "rouge_1_f1": 0.23235494093362508,
    "rouge_2_f1": 0.05145795615339731,
    "rouge_l_f1": 0.138484549350533,
    "meteor": 0.14175683649885823,
    "bertscore_f1": 0.0
  }
}