{
  "n_done": 1200,
  "metrics": {
    "bleu_1": 0.15453361889119097,
    "bleu_2": 0.06514381133455018,
    "bleu_3": 0.03004332490088948,
    "bleu_4": 0.014990579736632877,
    "rouge_1_f1": 0.232445512807638,
    "rouge_2_f1": 0.05155263030866249,
    "rouge_l_f1": 0.1382460651105566,
    "meteor": 0.14191741309242506,
    "bertscore_f1": 0.0
  }
}