{
  "model": "mistral_7b",
  "experiment": "exp4",
  "test_samples": 1596,
  "metrics": {
    "bleu_1": 0.17190624898158458,
    "bleu_2": 0.0725763921439606,
    "bleu_3": 0.03476893386166049,
    "bleu_4": 0.01824805726317602,
    "rouge_1_f1": 0.27708601294263974,
    "rouge_2_f1": 0.06511050159468176,
    "rouge_l_f1": 0.15727589160649377,
    "meteor": 0.14926452530559312,
    "bertscore_f1": 0.0,
    "avg_reference_length": 87.10087719298245,
    "avg_candidate_length": 106.484335839599,
    "length_ratio": 1.2225403379540043,
    "length_difference": 19.383458646616546,
    "nli_score": 0.2344554893064933
  },
  "metrics_by_language": {
    "english": {
      "rouge_1_f1": 0.27708601294263974,
      "rouge_2_f1": 0.06511050159468176,
      "rouge_l_f1": 0.15727589160649377,
      "bleu_1": 0.17190624898158458,
      "bleu_2": 0.0725763921439606,
      "bleu_3": 0.03476893386166049,
      "bleu_4": 0.01824805726317602,
      "meteor": 0.14926452530559312,
      "n": 1596,
      "nli_score": 0.2344554893064933
    }
  },
  "metrics_by_complexity": {
    "professional": {
      "rouge_1_f1": 0.3537282537398684,
      "rouge_2_f1": 0.0939763287142014,
      "rouge_l_f1": 0.19818011802802343,
      "bleu_1": 0.22190923139774213,
      "bleu_2": 0.10045353241172911,
      "bleu_3": 0.04925994170017007,
      "bleu_4": 0.024987863837209513,
      "meteor": 0.1952366821658664,
      "n": 540,
      "nli_score": 0.2347744035785716
    },
    "intermediate": {
      "rouge_1_f1": 0.3010717980239626,
      "rouge_2_f1": 0.0711117072572777,
      "rouge_l_f1": 0.16786036548706731,
      "bleu_1": 0.1918344455478692,
      "bleu_2": 0.08142190046348853,
      "bleu_3": 0.03838699986497398,
      "bleu_4": 0.020496312743465445,
      "meteor": 0.16095984918053752,
      "n": 528,
      "nli_score": 0.19872031866835835
    },
    "layman": {
      "rouge_1_f1": 0.17471611795506037,
      "rouge_2_f1": 0.029587427287122568,
      "rouge_l_f1": 0.10485754979481032,
      "bleu_1": 0.10083863858059341,
      "bleu_2": 0.03522017218694216,
      "bleu_3": 0.016330518932598567,
      "bleu_4": 0.009106817786715982,
      "meteor": 0.09055222282355103,
      "n": 528,
      "nli_score": 0.26986448958841996
    }
  },
  "checkpoint": "models/mistral_7b/checkpoints/exp4_hindi_code_mixed_to_english/final"
}