{
  "model": "mistral_7b",
  "experiment": "exp4",
  "test_samples": 1510,
  "metrics": {
    "bleu_1": 0.12035649107437908,
    "bleu_2": 0.041244928022289906,
    "bleu_3": 0.017394274064956156,
    "bleu_4": 0.008914296798061947,
    "rouge_1_f1": 0.2336878967069771,
    "rouge_2_f1": 0.060639103296008676,
    "rouge_l_f1": 0.21659500604770165,
    "meteor": 0.08334094232942826,
    "bertscore_f1": 0.0,
    "avg_reference_length": 93.23708609271523,
    "avg_candidate_length": 59.565562913907286,
    "length_ratio": 0.6388612665852204,
    "length_difference": -33.671523178807945,
    "nli_score": 0.5499114000050364
  },
  "metrics_by_language": {
    "hindi": {
      "rouge_1_f1": 0.2336878967069771,
      "rouge_2_f1": 0.060639103296008676,
      "rouge_l_f1": 0.21659500604770165,
      "bleu_1": 0.12035649107437908,
      "bleu_2": 0.041244928022289906,
      "bleu_3": 0.017394274064956156,
      "bleu_4": 0.008914296798061947,
      "meteor": 0.08334094232942826,
      "n": 1510,
      "nli_score": 0.5499114000050364
    }
  },
  "metrics_by_complexity": {
    "professional": {
      "rouge_1_f1": 0.3505186521802416,
      "rouge_2_f1": 0.10974865811333095,
      "rouge_l_f1": 0.3228312876402413,
      "bleu_1": 0.12655498129186343,
      "bleu_2": 0.048733027153047045,
      "bleu_3": 0.02203368948267692,
      "bleu_4": 0.011509648695835603,
      "meteor": 0.09437069282532937,
      "n": 474,
      "nli_score": 0.5309522502951497
    },
    "intermediate": {
      "rouge_1_f1": 0.2150766267872642,
      "rouge_2_f1": 0.04500917888005711,
      "rouge_l_f1": 0.19933287128907776,
      "bleu_1": 0.12610533536899296,
      "bleu_2": 0.04417580641425539,
      "bleu_3": 0.018164735756951246,
      "bleu_4": 0.008969325504059369,
      "meteor": 0.08647125553201125,
      "n": 521,
      "nli_score": 0.5430452327410228
    },
    "layman": {
      "rouge_1_f1": 0.14498633075327416,
      "rouge_2_f1": 0.031251261815037804,
      "rouge_l_f1": 0.13627961718241863,
      "bleu_1": 0.10883565177227922,
      "bleu_2": 0.03138794427434253,
      "bleu_3": 0.012344772221210368,
      "bleu_4": 0.0064698953313253055,
      "meteor": 0.07002250560398582,
      "n": 515,
      "nli_score": 0.5743073398771795
    }
  },
  "checkpoint": "models/mistral_7b/checkpoints/exp4_english_code_mixed_to_hindi/final"
}