{
  "model": "mistral_7b",
  "experiment": "exp4",
  "test_samples": 1571,
  "metrics": {
    "bleu_1": 0.09415745466123143,
    "bleu_2": 0.03448288565754768,
    "bleu_3": 0.015936677416703342,
    "bleu_4": 0.008247739707461598,
    "rouge_1_f1": 0.16862891402356855,
    "rouge_2_f1": 0.030627282988375824,
    "rouge_l_f1": 0.10291459771576598,
    "meteor": 0.07434311303568708,
    "bertscore_f1": 0.0,
    "avg_reference_length": 89.45130490133673,
    "avg_candidate_length": 83.20814767663909,
    "length_ratio": 0.930206079927132,
    "length_difference": -6.24315722469764,
    "nli_score": 0.3721736079222836
  },
  "metrics_by_language": {
    "code_mixed": {
      "rouge_1_f1": 0.16862891402356855,
      "rouge_2_f1": 0.030627282988375824,
      "rouge_l_f1": 0.10291459771576598,
      "bleu_1": 0.09415745466123143,
      "bleu_2": 0.03448288565754768,
      "bleu_3": 0.015936677416703342,
      "bleu_4": 0.008247739707461598,
      "meteor": 0.07434311303568708,
      "n": 1571,
      "nli_score": 0.3721736079222836
    }
  },
  "metrics_by_complexity": {
    "professional": {
      "rouge_1_f1": 0.2183930581712918,
      "rouge_2_f1": 0.04937563748751882,
      "rouge_l_f1": 0.13163850726226697,
      "bleu_1": 0.1248506020630608,
      "bleu_2": 0.05147907891950713,
      "bleu_3": 0.02463819274638558,
      "bleu_4": 0.012506420733008923,
      "meteor": 0.09705786149267127,
      "n": 524,
      "nli_score": 0.3972710924485666
    },
    "intermediate": {
      "rouge_1_f1": 0.16855179697276412,
      "rouge_2_f1": 0.025975633722176292,
      "rouge_l_f1": 0.10336227585674035,
      "bleu_1": 0.09276566671405893,
      "bleu_2": 0.03077835848454895,
      "bleu_3": 0.013590080127509584,
      "bleu_4": 0.00701739777197912,
      "meteor": 0.07099377990494798,
      "n": 526,
      "nli_score": 0.38373765261014287
    },
    "layman": {
      "rouge_1_f1": 0.1186560772391466,
      "rouge_2_f1": 0.016467263327089875,
      "rouge_l_f1": 0.07357331690095016,
      "bleu_1": 0.06469271612313957,
      "bleu_2": 0.021128904896953786,
      "bleu_3": 0.009554174808953672,
      "bleu_4": 0.005206685965958692,
      "meteor": 0.05487904592495587,
      "n": 521,
      "nli_score": 0.33525658162036326
    }
  },
  "checkpoint": "models/mistral_7b/checkpoints/exp4_hindi_english_to_code_mixed/final"
}