{
  "model": "mistral_7b",
  "experiment": "exp5",
  "test_samples": 1583,
  "metrics": {
    "bleu_1": 0.20435695375094803,
    "bleu_2": 0.08960952549860429,
    "bleu_3": 0.04445145537746803,
    "bleu_4": 0.023075631338181506,
    "rouge_1_f1": 0.3197199310693091,
    "rouge_2_f1": 0.07959886911382405,
    "rouge_l_f1": 0.17849248117442942,
    "meteor": 0.17768631205548513,
    "bertscore_f1": 0.0,
    "avg_reference_length": 87.05432722678458,
    "avg_candidate_length": 108.4927353126974,
    "length_ratio": 1.2462647035346537,
    "length_difference": 21.438408085912826,
    "nli_score": 0.19624267054456745
  },
  "metrics_by_language": {
    "english": {
      "rouge_1_f1": 0.3197199310693091,
      "rouge_2_f1": 0.07959886911382405,
      "rouge_l_f1": 0.17849248117442942,
      "bleu_1": 0.20435695375094803,
      "bleu_2": 0.08960952549860429,
      "bleu_3": 0.04445145537746803,
      "bleu_4": 0.023075631338181506,
      "meteor": 0.17768631205548513,
      "n": 1583,
      "nli_score": 0.19624267054456745
    }
  },
  "metrics_by_complexity": {
    "professional": {
      "rouge_1_f1": 0.37115979140408223,
      "rouge_2_f1": 0.10309076439639889,
      "rouge_l_f1": 0.20707941567230312,
      "bleu_1": 0.23710483891795991,
      "bleu_2": 0.1102684924217889,
      "bleu_3": 0.05532684923750871,
      "bleu_4": 0.02825396649779276,
      "meteor": 0.2108122446344141,
      "n": 540,
      "nli_score": 0.21689732051971886
    },
    "intermediate": {
      "rouge_1_f1": 0.34168357876397837,
      "rouge_2_f1": 0.08512045753349383,
      "rouge_l_f1": 0.18837777229483788,
      "bleu_1": 0.22211730966240734,
      "bleu_2": 0.09728232282897632,
      "bleu_3": 0.04805290304927184,
      "bleu_4": 0.024865674939963174,
      "meteor": 0.18574891185577344,
      "n": 528,
      "nli_score": 0.16916162518888692
    },
    "layman": {
      "rouge_1_f1": 0.2432649202662744,
      "rouge_2_f1": 0.04930562224357929,
      "rouge_l_f1": 0.1383830086687451,
      "bleu_1": 0.1518106898452453,
      "bleu_2": 0.06008121651034,
      "bleu_3": 0.029355771775265365,
      "bleu_4": 0.015810691516956663,
      "meteor": 0.1346862027600019,
      "n": 515,
      "nli_score": 0.2023500181366102
    }
  },
  "checkpoint": "models/mistral_7b/checkpoints/exp5_few5_hindi_code_mixed_to_english/final"
}