{
  "model": "phi3_mini",
  "experiment": "exp4",
  "test_samples": 1596,
  "metrics": {
    "bleu_1": 0.15881370549308027,
    "bleu_2": 0.06437615877563165,
    "bleu_3": 0.029825105688892007,
    "bleu_4": 0.014524408646059403,
    "rouge_1_f1": 0.27559143053376317,
    "rouge_2_f1": 0.06170615277424445,
    "rouge_l_f1": 0.15353312689216617,
    "meteor": 0.17249811427869424,
    "bertscore_f1": 0.0,
    "avg_reference_length": 87.10087719298245,
    "avg_candidate_length": 146.83646616541353,
    "length_ratio": 1.6858207505772842,
    "length_difference": 59.735588972431074,
    "nli_score": 0.28990881434342863
  },
  "metrics_by_language": {
    "english": {
      "rouge_1_f1": 0.27559143053376317,
      "rouge_2_f1": 0.06170615277424445,
      "rouge_l_f1": 0.15353312689216617,
      "bleu_1": 0.15881370549308027,
      "bleu_2": 0.06437615877563165,
      "bleu_3": 0.029825105688892007,
      "bleu_4": 0.014524408646059403,
      "meteor": 0.17249811427869424,
      "n": 1596,
      "nli_score": 0.28990881434342863
    }
  },
  "metrics_by_complexity": {
    "professional": {
      "rouge_1_f1": 0.3359369941600453,
      "rouge_2_f1": 0.08545071159141213,
      "rouge_l_f1": 0.1870965383570547,
      "bleu_1": 0.1954425265514338,
      "bleu_2": 0.08585442617022258,
      "bleu_3": 0.0405811767629079,
      "bleu_4": 0.01924465781922281,
      "meteor": 0.21577761923641328,
      "n": 540,
      "nli_score": 0.292737976112403
    },
    "intermediate": {
      "rouge_1_f1": 0.31406993021552887,
      "rouge_2_f1": 0.07098529562830029,
      "rouge_l_f1": 0.17061286859695887,
      "bleu_1": 0.18497014596122507,
      "bleu_2": 0.07597817779620945,
      "bleu_3": 0.03520894145335107,
      "bleu_4": 0.017270660628694076,
      "meteor": 0.20138872756435025,
      "n": 528,
      "nli_score": 0.27321588371297834
    },
    "layman": {
      "rouge_1_f1": 0.1753958771432998,
      "rouge_2_f1": 0.028142802038994386,
      "rouge_l_f1": 0.10212716891646473,
      "bleu_1": 0.09519597076071028,
      "bleu_2": 0.03080772991967673,
      "bleu_3": 0.013440742689643966,
      "bleu_4": 0.0069506290999621495,
      "meteor": 0.09934437092264371,
      "n": 528,
      "nli_score": 0.30370829773230734
    }
  },
  "checkpoint": "models/phi3_mini/checkpoints/exp4_hindi_code_mixed_to_english/final"
}