{
  "model": "phi3_mini",
  "experiment": "exp4",
  "test_samples": 1571,
  "metrics": {
    "bleu_1": 0.06697904924413804,
    "bleu_2": 0.023410380525206928,
    "bleu_3": 0.010736887976436613,
    "bleu_4": 0.005740860974034644,
    "rouge_1_f1": 0.13405740822689446,
    "rouge_2_f1": 0.02390710047200239,
    "rouge_l_f1": 0.08229065925063418,
    "meteor": 0.06516037729752407,
    "bertscore_f1": 0.0,
    "avg_reference_length": 89.45130490133673,
    "avg_candidate_length": 111.64035646085296,
    "length_ratio": 1.248057326653763,
    "length_difference": 22.18905155951623,
    "nli_score": 0.27097077824092064
  },
  "metrics_by_language": {
    "code_mixed": {
      "rouge_1_f1": 0.13405740822689446,
      "rouge_2_f1": 0.02390710047200239,
      "rouge_l_f1": 0.08229065925063418,
      "bleu_1": 0.06697904924413804,
      "bleu_2": 0.023410380525206928,
      "bleu_3": 0.010736887976436613,
      "bleu_4": 0.005740860974034644,
      "meteor": 0.06516037729752407,
      "n": 1571,
      "nli_score": 0.27097077824092064
    }
  },
  "metrics_by_complexity": {
    "professional": {
      "rouge_1_f1": 0.17703725862587805,
      "rouge_2_f1": 0.03915840199137074,
      "rouge_l_f1": 0.10537425845501666,
      "bleu_1": 0.0862473243735988,
      "bleu_2": 0.033658970318527805,
      "bleu_3": 0.015250822456892077,
      "bleu_4": 0.0077196437005358975,
      "meteor": 0.0874552166953736,
      "n": 524,
      "nli_score": 0.2275174087498209
    },
    "intermediate": {
      "rouge_1_f1": 0.13828355926246666,
      "rouge_2_f1": 0.02236791338341179,
      "rouge_l_f1": 0.08434489383501043,
      "bleu_1": 0.0711982243647476,
      "bleu_2": 0.02353800980647585,
      "bleu_3": 0.0107011094625428,
      "bleu_4": 0.005823113779712328,
      "meteor": 0.06720144056608342,
      "n": 526,
      "nli_score": 0.27520006897455584
    },
    "layman": {
      "rouge_1_f1": 0.08656336397779973,
      "rouge_2_f1": 0.010121938115859671,
      "rouge_l_f1": 0.05700019212111728,
      "bleu_1": 0.04334015810924731,
      "bleu_2": 0.012973923608416931,
      "bleu_3": 0.0062330834285469474,
      "bleu_4": 0.0036676419251419003,
      "meteor": 0.040676509497648096,
      "n": 521,
      "nli_score": 0.31040449305808426
    }
  },
  "checkpoint": "models/phi3_mini/checkpoints/exp4_hindi_english_to_code_mixed/final"
}