{
  "model": "phi3_mini",
  "experiment": "exp4",
  "test_samples": 1510,
  "metrics": {
    "bleu_1": 0.0937343418389845,
    "bleu_2": 0.02545650574116827,
    "bleu_3": 0.010382011562452631,
    "bleu_4": 0.005556817505456554,
    "rouge_1_f1": 0.07706426756364178,
    "rouge_2_f1": 0.02235187928117418,
    "rouge_l_f1": 0.07336305048007175,
    "meteor": 0.07048671340332752,
    "bertscore_f1": 0.0,
    "avg_reference_length": 93.23708609271523,
    "avg_candidate_length": 48.92185430463576,
    "length_ratio": 0.5247038099838054,
    "length_difference": -44.31523178807947,
    "nli_score": 0.6850217866187064
  },
  "metrics_by_language": {
    "hindi": {
      "rouge_1_f1": 0.07706426756364178,
      "rouge_2_f1": 0.02235187928117418,
      "rouge_l_f1": 0.07336305048007175,
      "bleu_1": 0.0937343418389845,
      "bleu_2": 0.02545650574116827,
      "bleu_3": 0.010382011562452631,
      "bleu_4": 0.005556817505456554,
      "meteor": 0.07048671340332752,
      "n": 1510,
      "nli_score": 0.6850217866187064
    }
  },
  "metrics_by_complexity": {
    "professional": {
      "rouge_1_f1": 0.14921247488604544,
      "rouge_2_f1": 0.04681224810599345,
      "rouge_l_f1": 0.14047420431791635,
      "bleu_1": 0.0994638418471255,
      "bleu_2": 0.03099363717627735,
      "bleu_3": 0.013265426567812957,
      "bleu_4": 0.007090567762976744,
      "meteor": 0.08126680835863585,
      "n": 474,
      "nli_score": 0.6582963600251746
    },
    "intermediate": {
      "rouge_1_f1": 0.062269110992302174,
      "rouge_2_f1": 0.014318524299330442,
      "rouge_l_f1": 0.05949195639173107,
      "bleu_1": 0.09573078363142898,
      "bleu_2": 0.025910855540803645,
      "bleu_3": 0.010391062151517584,
      "bleu_4": 0.005417127692979811,
      "meteor": 0.0711771272967986,
      "n": 521,
      "nli_score": 0.6898672404250348
    },
    "layman": {
      "rouge_1_f1": 0.025627425433250677,
      "rouge_2_f1": 0.007965788257050393,
      "rouge_l_f1": 0.025627425433250677,
      "bleu_1": 0.086441275474475,
      "bleu_2": 0.019900551283203737,
      "bleu_3": 0.007718993951882465,
      "bleu_4": 0.004286488903972696,
      "meteor": 0.0598663820493186,
      "n": 515,
      "nli_score": 0.7047176528902888
    }
  },
  "checkpoint": "models/phi3_mini/checkpoints/exp4_english_code_mixed_to_hindi/final"
}