{
  "model": "qwen2.5_1.5b",
  "experiment": "exp4",
  "test_samples": 1510,
  "metrics": {
    "bleu_1": 0.013695312797235465,
    "bleu_2": 0.003180086561024797,
    "bleu_3": 0.001856852774320113,
    "bleu_4": 0.0013095295993641985,
    "rouge_1_f1": 0.03338306808304997,
    "rouge_2_f1": 0.0018818355048013829,
    "rouge_l_f1": 0.028853508238431046,
    "meteor": 0.010514331104304324,
    "bertscore_f1": 0.0,
    "avg_reference_length": 93.23708609271523,
    "avg_candidate_length": 145.94701986754967,
    "length_ratio": 1.5653322726368726,
    "length_difference": 52.70993377483444,
    "nli_score": 0.4594063634620301
  },
  "metrics_by_language": {
    "hindi": {
      "rouge_1_f1": 0.03338306808304997,
      "rouge_2_f1": 0.0018818355048013829,
      "rouge_l_f1": 0.028853508238431046,
      "bleu_1": 0.013695312797235465,
      "bleu_2": 0.003180086561024797,
      "bleu_3": 0.001856852774320113,
      "bleu_4": 0.0013095295993641985,
      "meteor": 0.010514331104304324,
      "n": 1510,
      "nli_score": 0.4594063634620301
    }
  },
  "metrics_by_complexity": {
    "professional": {
      "rouge_1_f1": 0.04211545261634231,
      "rouge_2_f1": 0.00300489822321584,
      "rouge_l_f1": 0.03626047359620574,
      "bleu_1": 0.017493813626201747,
      "bleu_2": 0.003816850312240181,
      "bleu_3": 0.0021675638137789504,
      "bleu_4": 0.00149596958244851,
      "meteor": 0.012927093594998856,
      "n": 474,
      "nli_score": 0.44466039526987555
    },
    "intermediate": {
      "rouge_1_f1": 0.03301142402468829,
      "rouge_2_f1": 0.0018074750441681479,
      "rouge_l_f1": 0.028494988138471452,
      "bleu_1": 0.013381053701176697,
      "bleu_2": 0.0032400083511525822,
      "bleu_3": 0.0018752179806552963,
      "bleu_4": 0.001325428539164135,
      "meteor": 0.010368783925833902,
      "n": 521,
      "nli_score": 0.4423981120134212
    },
    "layman": {
      "rouge_1_f1": 0.02572185698717788,
      "rouge_2_f1": 0.0009234084590954848,
      "rouge_l_f1": 0.02239892065104025,
      "bleu_1": 0.010517137255714296,
      "bleu_2": 0.0025333967149419466,
      "bleu_3": 0.0015522987836325026,
      "bleu_4": 0.0011218482408831684,
      "meteor": 0.008440895491476908,
      "n": 515,
      "nli_score": 0.4901847860151992
    }
  },
  "checkpoint": "models/qwen2.5_1.5b/checkpoints/exp4_english_code_mixed_to_hindi/final"
}