{
  "model": "qwen2.5_1.5b",
  "experiment": "exp4",
  "test_samples": 1571,
  "metrics": {
    "bleu_1": 0.04656341072352405,
    "bleu_2": 0.01618361816642529,
    "bleu_3": 0.007657270672084351,
    "bleu_4": 0.004150782517198831,
    "rouge_1_f1": 0.1107073203260129,
    "rouge_2_f1": 0.019632740652851744,
    "rouge_l_f1": 0.0697320925535422,
    "meteor": 0.05934003211510186,
    "bertscore_f1": 0.0,
    "avg_reference_length": 89.45130490133673,
    "avg_candidate_length": 127.17441120305539,
    "length_ratio": 1.421716668564272,
    "length_difference": 37.72310630171866,
    "nli_score": 0.2643045193733876
  },
  "metrics_by_language": {
    "code_mixed": {
      "rouge_1_f1": 0.1107073203260129,
      "rouge_2_f1": 0.019632740652851744,
      "rouge_l_f1": 0.0697320925535422,
      "bleu_1": 0.04656341072352405,
      "bleu_2": 0.01618361816642529,
      "bleu_3": 0.007657270672084351,
      "bleu_4": 0.004150782517198831,
      "meteor": 0.05934003211510186,
      "n": 1571,
      "nli_score": 0.2643045193733876
    }
  },
  "metrics_by_complexity": {
    "professional": {
      "rouge_1_f1": 0.14762846083389233,
      "rouge_2_f1": 0.03176614205804834,
      "rouge_l_f1": 0.08882386342609554,
      "bleu_1": 0.06233030878526077,
      "bleu_2": 0.023277283881110018,
      "bleu_3": 0.010840050410001337,
      "bleu_4": 0.005495061486124664,
      "meteor": 0.08000229834446919,
      "n": 524,
      "nli_score": 0.25868431906765044
    },
    "intermediate": {
      "rouge_1_f1": 0.10704289933362336,
      "rouge_2_f1": 0.016440457202893926,
      "rouge_l_f1": 0.06900065394305173,
      "bleu_1": 0.04513684917092306,
      "bleu_2": 0.014669336205564272,
      "bleu_3": 0.007148197684138222,
      "bleu_4": 0.0040742088351724305,
      "meteor": 0.05409320113974757,
      "n": 526,
      "nli_score": 0.27623033350021065
    },
    "layman": {
      "rouge_1_f1": 0.07727317026050055,
      "rouge_2_f1": 0.010652392780212188,
      "rouge_l_f1": 0.051268846434348404,
      "bleu_1": 0.03214597654371232,
      "bleu_2": 0.010577920425385176,
      "bleu_3": 0.004970122512758366,
      "bleu_4": 0.002876071532609101,
      "meteor": 0.04385597374436842,
      "n": 521,
      "nli_score": 0.25791682169532254
    }
  },
  "checkpoint": "models/qwen2.5_1.5b/checkpoints/exp4_hindi_english_to_code_mixed/final"
}