{
  "model": "qwen2.5_1.5b",
  "experiment": "exp5",
  "test_samples": 1583,
  "metrics": {
    "bleu_1": 0.11990149453755614,
    "bleu_2": 0.04731669609164355,
    "bleu_3": 0.023014930749261874,
    "bleu_4": 0.01206872973497058,
    "rouge_1_f1": 0.23732552627965495,
    "rouge_2_f1": 0.04928023616941839,
    "rouge_l_f1": 0.12321033297471039,
    "meteor": 0.15851461852967072,
    "bertscore_f1": 0.0,
    "avg_reference_length": 87.05432722678458,
    "avg_candidate_length": 162.792166771952,
    "length_ratio": 1.870006603438142,
    "length_difference": 75.73783954516742,
    "nli_score": 0.24762913615375742
  },
  "metrics_by_language": {
    "english": {
      "rouge_1_f1": 0.23732552627965495,
      "rouge_2_f1": 0.04928023616941839,
      "rouge_l_f1": 0.12321033297471039,
      "bleu_1": 0.11990149453755614,
      "bleu_2": 0.04731669609164355,
      "bleu_3": 0.023014930749261874,
      "bleu_4": 0.01206872973497058,
      "meteor": 0.15851461852967072,
      "n": 1583,
      "nli_score": 0.24762913615375742
    }
  },
  "metrics_by_complexity": {
    "professional": {
      "rouge_1_f1": 0.21274385100365278,
      "rouge_2_f1": 0.04397894047265347,
      "rouge_l_f1": 0.11510885585095815,
      "bleu_1": 0.09959301986311543,
      "bleu_2": 0.03917434703864974,
      "bleu_3": 0.01874882214869316,
      "bleu_4": 0.009284968783473329,
      "meteor": 0.128175565420579,
      "n": 540,
      "nli_score": 0.3060914267021602
    },
    "intermediate": {
      "rouge_1_f1": 0.22823459082740477,
      "rouge_2_f1": 0.04511244654624821,
      "rouge_l_f1": 0.11808776343402932,
      "bleu_1": 0.11457895330424278,
      "bleu_2": 0.04291080012026648,
      "bleu_3": 0.020047114067983582,
      "bleu_4": 0.010185502202213467,
      "meteor": 0.14983236865456398,
      "n": 528,
      "nli_score": 0.2542552847687947
    },
    "layman": {
      "rouge_1_f1": 0.27242090213951764,
      "rouge_2_f1": 0.0591118722806551,
      "rouge_l_f1": 0.1369569628083139,
      "bleu_1": 0.1466527141402502,
      "bleu_2": 0.060371417570291595,
      "bleu_3": 0.030530864442508566,
      "bleu_4": 0.016918390028376928,
      "meteor": 0.19922785467135207,
      "n": 515,
      "nli_score": 0.1795354548805547
    }
  },
  "checkpoint": "models/qwen2.5_1.5b/checkpoints/exp5_few5_hindi_code_mixed_to_english/final"
}