{
  "model": "qwen2.5_1.5b",
  "experiment": "exp5",
  "test_samples": 1484,
  "metrics": {
    "bleu_1": 0.17318908976415767,
    "bleu_2": 0.06871401572158521,
    "bleu_3": 0.03273884996597558,
    "bleu_4": 0.01688233951117262,
    "rouge_1_f1": 0.2449064478285301,
    "rouge_2_f1": 0.06251148660529088,
    "rouge_l_f1": 0.22916706030049486,
    "meteor": 0.12345336651516019,
    "bertscore_f1": 0.0,
    "avg_reference_length": 93.24595687331536,
    "avg_candidate_length": 57.8510781671159,
    "length_ratio": 0.6204137970905569,
    "length_difference": -35.394878706199464,
    "nli_score": 0.5991915861029188
  },
  "metrics_by_language": {
    "hindi": {
      "rouge_1_f1": 0.2449064478285301,
      "rouge_2_f1": 0.06251148660529088,
      "rouge_l_f1": 0.22916706030049486,
      "bleu_1": 0.17318908976415767,
      "bleu_2": 0.06871401572158521,
      "bleu_3": 0.03273884996597558,
      "bleu_4": 0.01688233951117262,
      "meteor": 0.12345336651516019,
      "n": 1484,
      "nli_score": 0.5991915861029188
    }
  },
  "metrics_by_complexity": {
    "professional": {
      "rouge_1_f1": 0.3042775596883928,
      "rouge_2_f1": 0.11786180057034601,
      "rouge_l_f1": 0.2806208867577682,
      "bleu_1": 0.15703505025143105,
      "bleu_2": 0.06395742608391979,
      "bleu_3": 0.031827842429872855,
      "bleu_4": 0.017484568531023568,
      "meteor": 0.11571988913051813,
      "n": 474,
      "nli_score": 0.5758329303267133
    },
    "intermediate": {
      "rouge_1_f1": 0.23558242319253875,
      "rouge_2_f1": 0.040322042819845146,
      "rouge_l_f1": 0.22079415225013463,
      "bleu_1": 0.17628028013656796,
      "bleu_2": 0.07120949013881613,
      "bleu_3": 0.03344500214776946,
      "bleu_4": 0.01641483264939448,
      "meteor": 0.12583659731183,
      "n": 521,
      "nli_score": 0.5978229299559474
    },
    "layman": {
      "rouge_1_f1": 0.19729072147633508,
      "rouge_2_f1": 0.03250054875821747,
      "rouge_l_f1": 0.18821240049168117,
      "bleu_1": 0.18555412973349641,
      "bleu_2": 0.0706659202550742,
      "bleu_3": 0.032869549936114795,
      "bleu_4": 0.016796684131984617,
      "meteor": 0.1284104320269298,
      "n": 489,
      "nli_score": 0.6232919377295761
    }
  },
  "checkpoint": "models/qwen2.5_1.5b/checkpoints/exp5_few10_english_code_mixed_to_hindi/final"
}