{
  "model": "qwen2.5_1.5b",
  "experiment": "exp5",
  "test_samples": 1498,
  "metrics": {
    "bleu_1": 0.12336318476804183,
    "bleu_2": 0.040355265197675586,
    "bleu_3": 0.01683706624720979,
    "bleu_4": 0.00853441242266554,
    "rouge_1_f1": 0.1900355896750313,
    "rouge_2_f1": 0.03042116292054644,
    "rouge_l_f1": 0.17979868617411635,
    "meteor": 0.08185738252966053,
    "bertscore_f1": 0.0,
    "avg_reference_length": 93.23497997329773,
    "avg_candidate_length": 59.79105473965287,
    "length_ratio": 0.6412942305213868,
    "length_difference": -33.443925233644855,
    "nli_score": 0.6187107411427087
  },
  "metrics_by_language": {
    "hindi": {
      "rouge_1_f1": 0.1900355896750313,
      "rouge_2_f1": 0.03042116292054644,
      "rouge_l_f1": 0.17979868617411635,
      "bleu_1": 0.12336318476804183,
      "bleu_2": 0.040355265197675586,
      "bleu_3": 0.01683706624720979,
      "bleu_4": 0.00853441242266554,
      "meteor": 0.08185738252966053,
      "n": 1498,
      "nli_score": 0.6187107411427087
    }
  },
  "metrics_by_complexity": {
    "professional": {
      "rouge_1_f1": 0.24846146640188538,
      "rouge_2_f1": 0.0408440715086721,
      "rouge_l_f1": 0.23291866914827378,
      "bleu_1": 0.1180266421808317,
      "bleu_2": 0.04260704241701836,
      "bleu_3": 0.018581511693626686,
      "bleu_4": 0.009614345687742559,
      "meteor": 0.08247032617397573,
      "n": 474,
      "nli_score": 0.5866065715471055
    },
    "intermediate": {
      "rouge_1_f1": 0.18833433098149832,
      "rouge_2_f1": 0.02796124897671122,
      "rouge_l_f1": 0.17743919747875794,
      "bleu_1": 0.12766666414496314,
      "bleu_2": 0.04279751818531214,
      "bleu_3": 0.0178355162207952,
      "bleu_4": 0.008954926805910703,
      "meteor": 0.08390980529597997,
      "n": 521,
      "nli_score": 0.6280245431582667
    },
    "layman": {
      "rouge_1_f1": 0.13674034158517417,
      "rouge_2_f1": 0.02314712016501281,
      "rouge_l_f1": 0.13218521038988393,
      "bleu_1": 0.1239345732987806,
      "bleu_2": 0.035703662397422876,
      "bleu_3": 0.014159015396634026,
      "bleu_4": 0.007081179099967258,
      "meteor": 0.0791539082778557,
      "n": 503,
      "nli_score": 0.6393168748802622
    }
  },
  "checkpoint": "models/qwen2.5_1.5b/checkpoints/exp5_few5_english_code_mixed_to_hindi/final"
}