{
  "n_done": 1000,
  "metrics": {
    "bleu_1": 0.18159381029289884,
    "bleu_2": 0.07879463099674876,
    "bleu_3": 0.03993985287453253,
    "bleu_4": 0.021348599633966375,
    "rouge_1_f1": 0.3364628362488099,
    "rouge_2_f1": 0.08287066126489465,
    "rouge_l_f1": 0.16635266064554607,
    "meteor": 0.24876454273984938,
    "bertscore_f1": 0.0
  }
}