{
  "n_done": 1400,
  "metrics": {
    "bleu_1": 0.17983754365032995,
    "bleu_2": 0.07736393438811713,
    "bleu_3": 0.03904192715608344,
    "bleu_4": 0.020725018140595693,
    "rouge_1_f1": 0.3332542341250113,
    "rouge_2_f1": 0.08102880224087262,
    "rouge_l_f1": 0.16481918192578912,
    "meteor": 0.24618066828611798,
    "bertscore_f1": 0.0
  }
}