{
  "model": "qwen2.5_1.5b",
  "experiment": "exp5",
  "test_samples": 1572,
  "metrics": {
    "bleu_1": 0.13794020074064284,
    "bleu_2": 0.055816915564237526,
    "bleu_3": 0.02729941274020636,
    "bleu_4": 0.014474039382929304,
    "rouge_1_f1": 0.2652996777525893,
    "rouge_2_f1": 0.057754586233705094,
    "rouge_l_f1": 0.1347694471904545,
    "meteor": 0.18346963125889265,
    "bertscore_f1": 0.0,
    "avg_reference_length": 87.04007633587786,
    "avg_candidate_length": 169.2290076335878,
    "length_ratio": 1.9442653862176327,
    "length_difference": 82.18893129770994,
    "nli_score": 0.23961820368900594
  },
  "metrics_by_language": {
    "english": {
      "rouge_1_f1": 0.2652996777525893,
      "rouge_2_f1": 0.057754586233705094,
      "rouge_l_f1": 0.1347694471904545,
      "bleu_1": 0.13794020074064284,
      "bleu_2": 0.055816915564237526,
      "bleu_3": 0.02729941274020636,
      "bleu_4": 0.014474039382929304,
      "meteor": 0.18346963125889265,
      "n": 1572,
      "nli_score": 0.23961820368900594
    }
  },
  "metrics_by_complexity": {
    "professional": {
      "rouge_1_f1": 0.21924003712903248,
      "rouge_2_f1": 0.04459664818732344,
      "rouge_l_f1": 0.11716182531117547,
      "bleu_1": 0.1053453012946567,
      "bleu_2": 0.040501808664018916,
      "bleu_3": 0.019162285386854702,
      "bleu_4": 0.00958105627112488,
      "meteor": 0.1338785606788292,
      "n": 540,
      "nli_score": 0.30558452366568856
    },
    "intermediate": {
      "rouge_1_f1": 0.2604528112735938,
      "rouge_2_f1": 0.05377919055243384,
      "rouge_l_f1": 0.12941395420445337,
      "bleu_1": 0.1345521866066055,
      "bleu_2": 0.05128863976487743,
      "bleu_3": 0.02353328756842269,
      "bleu_4": 0.01193169283815967,
      "meteor": 0.1779426288835757,
      "n": 528,
      "nli_score": 0.23694692710176407
    },
    "layman": {
      "rouge_1_f1": 0.3197269623510621,
      "rouge_2_f1": 0.0760170772352077,
      "rouge_l_f1": 0.15924527280834982,
      "bleu_1": 0.17641265543033374,
      "bleu_2": 0.07696986665189659,
      "bleu_3": 0.03996322794161841,
      "bleu_4": 0.02237993195438319,
      "meteor": 0.24239311413072123,
      "n": 504,
      "nli_score": 0.17173849413550685
    }
  },
  "checkpoint": "models/qwen2.5_1.5b/checkpoints/exp5_few10_hindi_code_mixed_to_english/final"
}