{
  "model": "qwen2.5_1.5b",
  "experiment": "exp5",
  "test_samples": 1462,
  "metrics": {
    "bleu_1": 0.17920903848323985,
    "bleu_2": 0.07459381227693043,
    "bleu_3": 0.036492441690823954,
    "bleu_4": 0.0191819950258146,
    "rouge_1_f1": 0.29957393301751534,
    "rouge_2_f1": 0.08761242935499614,
    "rouge_l_f1": 0.2753723530859679,
    "meteor": 0.13205955086364857,
    "bertscore_f1": 0.0,
    "avg_reference_length": 93.27701778385773,
    "avg_candidate_length": 57.10807113543092,
    "length_ratio": 0.6122416056199632,
    "length_difference": -36.16894664842681,
    "nli_score": 0.609597100197846
  },
  "metrics_by_language": {
    "hindi": {
      "rouge_1_f1": 0.29957393301751534,
      "rouge_2_f1": 0.08761242935499614,
      "rouge_l_f1": 0.2753723530859679,
      "bleu_1": 0.17920903848323985,
      "bleu_2": 0.07459381227693043,
      "bleu_3": 0.036492441690823954,
      "bleu_4": 0.0191819950258146,
      "meteor": 0.13205955086364857,
      "n": 1462,
      "nli_score": 0.609597100197846
    }
  },
  "metrics_by_complexity": {
    "professional": {
      "rouge_1_f1": 0.38942605475901687,
      "rouge_2_f1": 0.15279162806889418,
      "rouge_l_f1": 0.3486682087319322,
      "bleu_1": 0.16854868052817956,
      "bleu_2": 0.07481009072993601,
      "bleu_3": 0.03811250344834477,
      "bleu_4": 0.020989516512880224,
      "meteor": 0.1293910772327096,
      "n": 474,
      "nli_score": 0.5893776017704876
    },
    "intermediate": {
      "rouge_1_f1": 0.2869610985998079,
      "rouge_2_f1": 0.06260602915345426,
      "rouge_l_f1": 0.26710261211005965,
      "bleu_1": 0.18275489799228126,
      "bleu_2": 0.07598069708452576,
      "bleu_3": 0.03665493764204147,
      "bleu_4": 0.01848666303353519,
      "meteor": 0.13423429665262498,
      "n": 521,
      "nli_score": 0.6129489556498353
    },
    "layman": {
      "rouge_1_f1": 0.22244626926195596,
      "rouge_2_f1": 0.0493541730693765,
      "rouge_l_f1": 0.2102038294719661,
      "bleu_1": 0.18607331442861036,
      "bleu_2": 0.07282703931872526,
      "bleu_3": 0.034666810719412404,
      "bleu_4": 0.018123114475725663,
      "meteor": 0.13234180770520818,
      "n": 467,
      "nli_score": 0.6263802401737432
    }
  },
  "checkpoint": "models/qwen2.5_1.5b/checkpoints/exp5_few20_english_code_mixed_to_hindi/final"
}