{
  "n_done": 1200,
  "metrics": {
    "bleu_1": 0.18054839744543894,
    "bleu_2": 0.07791256498134355,
    "bleu_3": 0.03942657684459586,
    "bleu_4": 0.021012933533933915,
    "rouge_1_f1": 0.3344843957837175,
    "rouge_2_f1": 0.0816410071134402,
    "rouge_l_f1": 0.16518567630799624,
    "meteor": 0.24752533388424325,
    "bertscore_f1": 0.0
  }
}