{
  "model": "qwen2.5_1.5b",
  "experiment": "exp5",
  "test_samples": 1545,
  "metrics": {
    "bleu_1": 0.15725003717292585,
    "bleu_2": 0.06499009497596919,
    "bleu_3": 0.0324098455845253,
    "bleu_4": 0.017247438414601204,
    "rouge_1_f1": 0.29751021227047064,
    "rouge_2_f1": 0.06788676831584953,
    "rouge_l_f1": 0.14835824341292492,
    "meteor": 0.211519719743494,
    "bertscore_f1": 0.0,
    "avg_reference_length": 86.98770226537216,
    "avg_candidate_length": 177.2938511326861,
    "length_ratio": 2.0381484567993096,
    "length_difference": 90.30614886731392,
    "nli_score": 0.2021625109874752
  },
  "metrics_by_language": {
    "english": {
      "rouge_1_f1": 0.29751021227047064,
      "rouge_2_f1": 0.06788676831584953,
      "rouge_l_f1": 0.14835824341292492,
      "bleu_1": 0.15725003717292585,
      "bleu_2": 0.06499009497596919,
      "bleu_3": 0.0324098455845253,
      "bleu_4": 0.017247438414601204,
      "meteor": 0.211519719743494,
      "n": 1545,
      "nli_score": 0.2021625109874752
    }
  },
  "metrics_by_complexity": {
    "professional": {
      "rouge_1_f1": 0.25660980054753424,
      "rouge_2_f1": 0.05450171561812845,
      "rouge_l_f1": 0.12996252374236233,
      "bleu_1": 0.12652697404161678,
      "bleu_2": 0.04904416976009115,
      "bleu_3": 0.02240807836342289,
      "bleu_4": 0.01091790029038917,
      "meteor": 0.16228459837379985,
      "n": 540,
      "nli_score": 0.2619109268851052
    },
    "intermediate": {
      "rouge_1_f1": 0.297964972801752,
      "rouge_2_f1": 0.065388402940467,
      "rouge_l_f1": 0.1478381443017332,
      "bleu_1": 0.15888686062175655,
      "bleu_2": 0.06339869976449344,
      "bleu_3": 0.031109271123496703,
      "bleu_4": 0.01631306163175945,
      "meteor": 0.21206466807367744,
      "n": 528,
      "nli_score": 0.2059125217631597
    },
    "layman": {
      "rouge_1_f1": 0.3433091824379111,
      "rouge_2_f1": 0.08580514436400755,
      "rouge_l_f1": 0.16975929362846587,
      "bleu_1": 0.19021903362979017,
      "bleu_2": 0.08480363017142695,
      "bleu_3": 0.04517223052125153,
      "bleu_4": 0.025447231975219527,
      "meteor": 0.26665437974621514,
      "n": 477,
      "nli_score": 0.13037183337558872
    }
  },
  "checkpoint": "models/qwen2.5_1.5b/checkpoints/exp5_few20_hindi_code_mixed_to_english/final"
}